Time,V1,V2,V3,V4,V5,V6,V7,V8,V9,V10,V11,V12,V13,V14,V15,V16,V17,V18,V19,V20,V21,V22,V23,V24,V25,V26,V27,V28,Amount
1.4961473801336858,-5.07866548434676,-3.12892415523216,0.574323255594491,-0.247561507769843,0.912313241722106,-0.621859813013564,0.306882540978562,-0.0807624645003974,0.910185412424666,-0.403772787448789,0.718903766914889,0.283005450658273,-0.667294082919679,-0.0104381938274012,0.386555054871989,0.998927227186186,-1.22954143255367,0.948325046837642,-0.246902303838399,-2.17183270619801,-0.403055724948598,0.757269915885213,0.00730869345063,0.869172967587738,0.998073815986937,-0.567375650491855,-0.223315292773816,-0.039679972592656,0.4303955010450157
1.406398509197405,1.80618999951576,-1.41998702402375,-0.596785059717766,-0.434908690817116,-1.17232778930444,-0.0256421946233006,-0.91007586685833,0.146790866756267,-0.123552017596134,0.942900723277602,0.498523037908727,0.0929285299728489,-0.91951729203401,0.26272660227533,-0.139284283933626,-0.802605184818757,-0.42494090095339,1.54293569505299,-0.545590610661888,-0.351173339000816,-0.505630379477049,-1.34342686806037,0.443079355586433,0.679690754534034,-0.86941137247329,0.167516575328414,-0.0572051053394592,-0.0196088795634847,0.24648353612386978
-0.7154400016617024,1.42886473655936,-0.65398440689171,-1.34157722693441,-1.84523643536211,1.63199784282365,3.02965053113984,-0.796885038675096,0.704758525148663,-1.15307410542394,0.667673331556375,0.128097883710921,-0.640309455499856,0.152662452664249,0.156383416056103,0.835021386083721,1.39996308492798,-0.19595703148111,-1.48104870222395,1.15041413242798,0.243652637410109,-0.323359053391744,-1.29978344338291,0.153859429236428,0.954789134867057,0.349582954421137,-0.630418454105613,-0.0099657838597722,0.0171219348587734,-0.20989800291414784
-1.2480791244825105,-1.21069586056753,-0.154874536999102,3.21847793922077,0.759502545061235,0.749801101900524,1.92055960954274,0.679610404720587,-0.496646232483564,1.1477300263572,0.85372636358978,0.786691154522008,-0.635759783271164,-1.32942203121189,-1.145543390788,2.27760660619335,-1.86416111340104,0.724048792810059,-1.61903275112858,-1.14577951048287,-0.0446424388063222,0.0497069608652759,1.25824010964223,-0.367784255455281,-0.630664629338434,-0.21531753738275,-0.200374204599852,-1.17336290711535,-0.847568984337419,-0.11770213528193861
-0.8112535546321569,1.17585186365251,-0.103873790009629,-1.36928923320297,-0.0077767030659725,2.19436048504752,3.31446027113472,-0.275333447932591,0.747707798184053,-0.160888239869966,0.0447660622556745,-0.161097298124462,0.0313132993492893,-0.0115907716725508,0.539669767797076,1.11235627652336,0.382279968291256,-0.925221341271921,0.302934281608964,-0.0190830257209331,0.11217452662079,0.0134346585082085,-0.20964683252209,-0.191676671802461,1.0073020889595,0.824263158258901,-0.31968915044608,0.0041627561060513,0.024736680955541,-0.0793205078201342
1.09709972545454,-0.620358554657678,1.25930401182885,-1.84577649774681,-0.134683044511593,3.12430956350233,3.53722156708181,0.394377486843308,1.19594827197092,-0.902802288173277,-0.0815069919714881,-0.516925489557136,0.0319076130896319,-0.400610150519335,0.971527054691998,0.0305628027627109,-1.11545459562611,0.215765795909742,-0.363859027357394,0.703580981830686,0.0003533311870065,0.16109507448651,0.50052432954106,-0.186750349854995,0.717112883452507,0.0930027002530613,-0.366723389080821,0.20041030801796,0.168220155170767,-0.3273217944301056
1.2596668966483662,-0.245110621861062,1.27737599389208,-0.460223397622503,-0.384844834693968,0.419177934317212,-0.986087890500986,0.71100289779141,0.169196247594591,-0.356624668429167,-0.54521094043595,-0.580245291014174,0.678039086668286,0.902112006344368,0.575905571140995,0.384579163025405,-0.498815099871036,-0.194369501676443,-0.0803423853400677,-0.165645971693656,-0.068743053330766,0.443649386463388,1.43609136453849,-0.0081679860277796,1.14942341667103,-0.780804036093821,-0.27367336009879,0.390275400185177,0.272069095375643,-0.349271287634825
-0.40247713918985734,1.08522284002284,0.193743157705369,0.284103046112725,1.21497984693135,-0.148072149162229,-0.524975931076542,0.267633682234481,-0.0518371105575646,-0.065900244448864,-0.0178308386471051,-0.187998346997559,-0.0288374172171391,-0.823216677330779,0.656218492559492,1.17254613748585,-0.0942375857629674,-0.0845576995709716,-1.04658119332337,-0.515100940464646,-0.121211614441284,-0.422360700096955,-1.39545310896482,0.218824209034672,-0.0319712210051995,0.13058930910619,-0.809610764786638,0.0121767940932729,0.0336099538870484,-0.11974115924084695
-0.8284368203956494,-0.257298344210258,1.11325526504348,2.21220742528815,2.14027124536056,0.285097126943816,0.167918467092813,0.613455666480465,-0.166008750074917,-1.06551194159298,0.594058353447547,-0.849432421411945,-0.354861113145524,0.787031149380018,-0.329355356380307,0.878398151988042,0.549623625750555,-0.774638500959887,0.377748467380019,-0.260508501929942,0.147307304584985,0.188800219285292,0.728642311306142,-0.257980169260456,0.0594597720678623,-0.274986257408387,0.116265970805076,-0.0138910880183232,-0.07321256865524,-0.3106497750013843
1.2200358841889385,2.0352140997252,-0.13476358322636,-1.18759067193849,0.217668566195427,0.0830386816596702,-0.622787006419642,0.0410104036149418,-0.125762183578804,0.342912391382373,0.242322915769065,0.669161565343798,0.898366645832785,-0.231203135216686,0.510310672017033,-0.560188457807573,0.140706998127839,-0.586801844883687,-0.323799995069708,0.489641407312705,-0.227713347723849,-0.256867699227632,-0.644639806029328,0.29785443691866,-0.40279578836834,-0.308317479577583,0.204953090716867,-0.0733632654389852,-0.0747304164856387,-0.34967109625421877
1.1494076079992892,-1.14219856346726,-2.98877259144954,-0.29809280607502,-1.37921008463005,2.58814881449766,-2.36829964824376,-1.41726856650062,-0.0124583695603824,-0.536214761723343,1.04153998418644,0.449317314338258,-1.15352502373606,-1.88719759304177,0.415744464903042,-0.651622710778954,1.15385846174367,-0.336598799615448,-0.32508680091835,0.424393130365895,0.599568141122225,0.79094344821052,1.5181317683345,0.708688539473152,0.736076589253625,-1.82468611876699,-0.480341919275772,0.070206325646307,0.173133114279786,-0.2728678604686706
1.449293499834947,1.98806889864496,-0.420011047179486,-0.332288898998184,0.357096504482143,-0.883291875789208,-0.813283180264725,-0.609784971255122,0.0484865216732285,1.66525512217268,-0.167391967036536,-1.05440414920478,-0.676140264142241,-2.1745534584594,0.528223348215105,1.35967167651621,0.268167495031733,-0.471271238299221,0.199240108211431,-0.203544473520185,-0.397680485638004,-0.138721971438515,-0.361547218482995,0.387597287236511,-0.134314394069194,-0.458572849130042,-0.913423064723126,0.0478551133857376,-0.0323222371463189,-0.3492313067728856
0.9300472165062728,1.92884927509667,-0.065236898596028,-1.55195703664489,0.985987633812543,0.562968600653892,-0.091848535692815,0.158792441101858,-0.0587964337721837,0.0477818256466176,0.479717033336399,0.510748117437805,0.504923564749707,-0.354585047604648,0.755635391814298,-0.0068213744438235,0.265271927297188,-0.956131316651287,0.620846725896007,-0.251585852143565,-0.153688154123541,0.306872576173141,0.832929785325626,-0.0604592984652931,0.289565270423751,0.314735468916381,-0.454690918005453,-0.0146760892271443,-0.0520326977386785,-0.1537248918893196
-1.0337515767609091,-6.60308960089203,-7.25558623616826,0.34107913069404,1.34303443509633,1.93683904968358,0.739399260869008,-0.506596529717251,1.39550902425494,0.386841651436378,-1.80173040305354,-1.08126134588533,0.630578550304957,0.201603234173947,0.120404860543737,0.477908729524473,-0.700381506792938,0.975946290963458,-1.57023335138899,-1.77602803349377,3.14403691209874,0.851407072664185,-0.577369853870835,1.62787012865042,-1.82502588426887,0.399772468115552,0.414489529005238,0.0417957112117635,-0.766333764959564,2.8050987767964037
0.9700993874402957,2.06515282124589,-0.112534864088845,-1.34122027945719,0.375249828598492,-0.138527264502871,-1.32090789057169,0.14251497294378,-0.296410397597858,0.820128659251499,0.0507972656214582,-0.89756217209918,-0.471888428407756,-1.42319998347534,0.788701917301331,0.950714718956206,-0.205687986341102,-0.361694258051902,0.0280875703047117,-0.29342421150956,-0.348401010496664,0.233539724112429,0.778194179694361,0.024949495516451,-0.016547390829349,0.203159720019885,-0.100476766556165,-0.0260152076771339,-0.0624876724427844,-0.3492313067728856
-1.2070793469806478,1.45659528978454,-0.340762557884069,-0.747393262644091,-1.15065595569152,0.373141571722026,0.193635530984678,-0.155747361748503,-0.105503273999763,-1.49930080907395,0.778464745640124,0.674111951996321,0.328912361997706,1.41803956841232,0.0267278495579475,-0.0545523290920376,0.972291006397593,-0.125157010347053,-1.25439023475118,1.07042978648965,0.165398839144151,0.194554783274972,0.556195831663422,-0.330747770494045,-1.26729635299698,0.910282473050024,0.007757891243919,-0.0105569182832204,-0.0227457882139721,-0.2932581000577542
-1.3122847339345798,1.29195210813323,-0.519761231010311,0.13794891801983,0.0277501347908948,-0.102637072790765,1.21188206624117,-0.833076035634036,0.302866855734348,-0.9363154165483,0.956566742052605,-0.294613758037357,0.0841380030714255,0.627610367260202,0.0907189027574599,0.737276267212,-0.649222396770306,-0.953806370477349,2.1523649264715,-0.813120931424221,-0.438369607184958,-0.254775212201027,-0.273109272875011,-0.213458567115006,-1.7519656115536,0.520159145839757,-0.172336980963824,0.0741776222015987,0.0106631046805731,-0.2132963761789951
-1.0113880617598932,0.823015882442904,-0.461621776157328,0.261671555204472,0.794945336178215,0.0588662275884987,1.09769398503868,-0.128183275197358,0.390327224957361,0.390625461506402,-0.40813342286926,0.513722965954218,0.752094948970152,-0.516865589102237,0.218149624097202,0.827043908063364,-1.72054595129415,1.41655989049828,-2.68603163729416,-1.49031316683461,-0.0711746482789247,0.0448621171496764,0.21482234469709,0.0182689076095373,-0.578774546987966,0.174299617723072,0.465229852886943,0.0188312923754873,0.0149462251871628,0.10854956243301031
-1.4310514237704839,-6.48592619057473,2.6073016806366,-4.74203319343851,1.28723091105313,-3.25625223859976,-0.844510530859959,-1.87158822819309,3.75823318594482,-0.33255905225684,0.862012805939658,0.0326744430212893,1.3287577422092,-1.17914751304433,3.30908583731932,0.411079871163352,0.627265825932613,1.35506426813969,0.30459246143502,0.0783521926861422,-0.617156803144584,0.100139257581717,0.284708366295185,0.0431520574957243,0.0449167146889443,-0.338199791803431,-0.363435138062118,0.303139672784596,-0.0767480615413581,0.046539245565032604
0.856428715146996,0.199927279061511,0.884443145424874,-2.50897250180483,-1.14574892236966,2.85377774610574,3.05161637267391,-0.0980101958171308,1.23067215832366,-0.301701983170547,-1.13822418145534,0.126003896673022,-0.11900754897746,-0.226079265841065,-0.411240758220687,1.08628396421989,0.170667774175706,0.586991239623772,0.643309942365905,-0.388540733931033,-0.186096254341399,0.314059140808874,0.798928814165364,-0.0724701828330308,0.621578797152895,-0.238458703592598,-0.128481672480435,-0.0457609714625234,-0.0518190177855281,-0.34723226367591664
0.7731867426432143,-0.48207188213753,0.290947275808129,1.56906090271015,-1.34249306685093,0.226439439738086,0.175928907926646,0.754274163879454,-0.0267890570194594,0.0116999780817948,-0.637006197288945,0.756340435248842,0.486415233175134,0.089179011473813,-0.257787778889391,-0.500985169070972,0.842395361965267,-1.29971089576709,0.651090599398426,-0.738205299281529,0.0931673818130061,0.282737990849561,0.84051969239312,-0.11587237246596,0.808728680773938,-0.293659824152459,0.458763776155658,-0.112622507625343,-0.0816627936554488,-0.08295876625661779
0.7763033153552203,1.27074333744643,-1.47186862241603,-1.39111360493905,1.52972671584563,-0.217265638502984,0.563202287393714,0.0813639709942539,0.0040088097491074,1.14232102335596,-0.034087436818392,-2.00954582013739,-0.203634328058119,-0.514740087046584,0.0171216589442311,-0.152886236165874,0.0569377117090015,-0.536355746270879,0.399061683988461,-0.30041708674725,0.514600834670999,0.412607165645782,0.579996384766744,-0.384462952560496,-0.0022302591676654,0.173697012711634,-0.410600927855207,-0.0318840882962757,0.0228418685941538,1.2159794572918847
1.2950652664381097,-2.1267938260114,2.5103992050386,-1.77484818143999,-1.43701798122566,0.50757292119085,-1.89874803947559,1.40682659364428,-0.140590832163464,1.25655707078104,2.00554699989871,-0.89736570827076,-0.476711895331465,-1.23227130402399,0.46280611767733,0.0929805652679189,-0.802536808849882,-0.296952684012717,-0.472908150844734,-0.433270700511115,0.789353902126667,-0.0272259981477858,0.719903156829973,-0.0676204210952815,-0.0185313538885482,0.0715782424301968,0.108387340953701,0.943915334704764,0.505731772709125,-0.350430732631067
-0.30769542448216153,1.2942749503581,0.26754711777098,-0.408553602431536,0.113336480326829,0.78503037363773,0.729293565343375,-0.0801152659451716,0.149323293759221,-0.228386049295441,-0.177498754699201,0.438198138041711,0.845897206496545,1.19061754971664,-0.319045499940327,0.687622497163077,0.850618066577741,-0.649982735954281,0.217084648944663,0.379450797425036,0.0018800787146614,-0.313678743991029,-0.858190948120519,-0.0756962553217866,-1.72981581008138,0.370149889603938,0.21138763396311,-0.0074933104935828,0.0011914313701755,-0.34967109625421877
1.3156177999983656,-1.75530241399406,0.437605575887682,0.748012437112496,-0.259266995567897,0.657809606008926,-0.572475224303783,0.0770814533051628,0.300838357876994,-0.120053369916572,-0.886239862154747,-1.21995914372565,0.0224758223257892,0.0707569725997464,0.31327871735714,0.463846667389222,-0.325374230217494,-0.0949911091239779,0.391271065044847,0.349409648310252,-0.241043868079452,0.383038495557884,1.03416565410496,-0.939242317226884,0.842188021480095,0.974834695484665,0.165505496460551,-0.208736067760887,-0.178667722956344,-0.3248030001279247
1.058690072571439,2.07391048395367,-0.732791717301906,-1.24601521295433,-0.276573022525562,-0.367295173851738,-0.348396971577123,-0.412601376877009,-0.119781753720221,-0.73631252625615,1.08497895184458,0.612215263794809,0.71285860965734,0.334664064593896,0.252679474834765,-0.773140239408219,-1.47350645928593,-0.33162130983691,1.48374877120245,-0.618305465993645,-0.530120953224308,-0.161432707135957,0.0757091538550571,0.141348027030255,0.783697164163747,-0.0322159248722164,0.397555153430409,-0.0444685336023418,-0.0571538942929622,-0.21729446237293307
1.1734768148224166,2.11071819664519,0.626536194696014,-3.44000999909547,0.455561597844332,1.6007754134926,-0.970650426020412,0.702738440827977,-0.293495262214174,-0.176859658492388,-0.87315340258282,1.15664310235853,0.105161065384737,-0.299336938192799,-2.23988031701328,-0.643367960494266,0.712594256780706,1.70364338859626,1.2632367502211,0.224939015985051,-0.101753748494891,-0.0607615655258908,-0.0059257843278686,-0.131562408026844,-0.0813919210225575,0.452079554264918,0.700786536264296,-0.0869043011125613,-0.0296053839789181,-0.3501908474594307
-0.9297043756121144,-1.57824861332354,0.99178403063591,1.31766747795672,1.47378507463372,-1.65645806460329,1.86811736182233,0.238121276436526,1.02871736431863,0.395381358600385,-0.415733101739883,-0.078530615217436,0.838938292425635,-1.10498627091036,-0.113215668138907,-1.91245299185112,-1.07491031797142,1.02854117352745,-0.304209632640091,1.70616350917478,-0.21126811302828,-0.353561794888236,-0.49481242886789,-0.0541856079111266,-0.304519653483262,-0.0663480364767669,-0.407007629061207,-0.0935011508898514,-0.282042879301711,0.5175537800728632
-0.5795953356809547,-0.694053991560508,0.715650673283013,2.84933194782337,1.49262519039863,-0.441303412138706,0.728774885726505,0.170494312752943,0.330499178370636,0.32240738437845,-0.821075824665769,-0.812423179536912,0.931160566939688,0.110772913490335,-0.871000466885515,-1.55156940057903,-1.64583540708988,1.17154741373942,-1.2557111907687,0.941187509555041,-0.0017332915481152,-0.330528488358548,-0.480375822414927,-0.145947439639898,0.413224546874173,0.22744285086177,-0.397333252495196,0.15222826931514,0.0865696964002504,-0.30525235863956807
0.3207993671565606,-1.0946694572669,1.51056889775272,0.62485254941863,-0.959884765029534,0.225158298863987,-0.0625486688517169,0.111407774181547,0.273221595102624,2.3165686378053,-0.488306264259963,2.06830563393449,-2.32476120078631,0.669180696611633,0.0827848362056997,-0.786918137089193,0.71453137608164,0.897442065717506,1.13658532515905,-0.427764000563496,0.352156254384473,-0.454083331305452,-0.855474048317224,0.0408467067799514,0.468593371098893,-0.107939443272124,-0.339692572180388,0.425187806592114,0.273601411588388,-0.35015086659749134
-0.07734279680220504,2.01536489799905,-0.0033487045955905,-0.867698645790174,0.528379840738832,-0.0780138276323687,-0.900948566753604,-0.0247009729961466,-0.261144264227675,1.59591161458365,-0.121747909218842,1.94847960228823,-1.47363042017482,1.36832672995838,1.95897756918157,-1.3789630376347,0.0458104450625088,0.240794806623952,-0.102473982579975,0.198814140106628,-0.274269166302503,-0.384524988562737,-0.775002094609836,0.353718104239202,0.0100218491903378,-0.372059500265147,0.134860569235528,-0.10273018376199,-0.0760541260889836,-0.34531318230282637
1.3836138357217935,-1.30343016122972,0.348631805106769,1.21581684033027,-0.997238485892211,0.704029994866679,0.653180953554583,-0.172258350142383,0.882871684921332,0.141235739097869,-1.55848848997541,-0.480140097666041,0.852338368409801,0.469438932453211,0.164751662075409,0.678938248062557,-0.464572082796857,0.214025631805702,-1.54555052695504,-1.85351802913677,-0.242893182220179,0.0571875805038898,0.0396551595782423,0.0426298648557237,-1.06513731464585,-0.459237229437855,-0.617876087275345,0.0781927430556771,0.0014021862025818,-0.3232837273742283
-0.28695336960833784,-1.11361335749884,1.74343907565157,1.45392798620776,2.65993673572175,-0.750880877215603,2.58451292409255,-2.03261052337224,-4.3461412674601,-0.461143981607586,1.12725428104134,-0.101286776959641,0.407383464707439,0.0683953025304978,0.126298112637547,0.389454645126887,0.758302728553698,-0.239238552156845,1.24557219969408,1.1785138741918,-0.846915566390167,4.59749320333416,-1.37416728879821,-0.0687088859968771,-0.871934494595443,1.32547430806427,0.59592079104495,0.379437989041646,0.168782902841014,-0.0770415986895896
1.6151457071306172,0.0027827815503791,0.875577656529022,-0.343321007785056,-0.652048146984767,0.674958645691035,-0.326677742666186,1.45075063600138,-0.292102710328827,-0.134892565902794,-0.414319024508082,1.23987953119207,0.515910972466398,-0.0686688583041027,-1.07171671025509,-0.90339307971653,0.428145354052585,0.0360292445143344,0.20910918080128,0.0080611444111005,0.102635228786966,-0.319742001618112,-0.666853250898459,0.134620398874775,0.663166718804226,-0.490414427224933,0.0466943870458259,-0.0455620300537641,-0.170973671922998,0.017673063244800568
-0.5791952351300891,1.03005605762514,-0.296110813806967,1.08188059574399,1.54504188655918,-0.539190905095225,1.1092472829536,-0.650066183133334,0.471228749702928,1.07205435594252,-0.242943530151324,0.230718738137971,1.35355008054757,-0.685432021150029,-0.483769858330709,-2.33498388510519,-0.833908804749548,0.427244941094684,-0.699805985295838,0.585557858780072,-0.181242367737352,-0.380673698995348,-0.707868430922442,0.0227580136512748,-0.310729620028553,0.420597990318752,-0.507127165763201,0.0815842711347298,0.017075029465842,-0.24935911364831545
-1.1327869920620184,-0.729690785568056,0.142054175044957,1.79356173772276,-1.25039926425978,0.0201394747585058,0.900440765881174,0.0450775852471863,0.489871164526277,0.537335683118603,-0.877602178529376,0.215366265629559,1.09181105488241,0.451598577686705,-0.697266729675238,-1.4391195947965,0.252815309452898,-0.48700054752264,-0.305057930593106,-0.0333902188902694,0.172102382244678,-0.164480552429221,-0.253507564528353,-0.081265045233935,-0.783133847726938,0.036201473842704,0.865437416626667,0.194997672372192,0.0481076663807208,-0.15752307377356062
1.0680819065549165,1.92467072737965,-0.239805521234286,-0.283639133605738,1.14019885326773,-0.492743087779644,-0.122578642975222,-0.604673982715702,0.185733279397119,0.813220791400881,0.405826468976019,0.343462809438476,0.18264211089105,-1.3096256041119,0.508012279712949,0.244781410784311,0.876418657830292,-1.06717390459987,0.751413442042564,-0.161526723072492,-0.311613645615737,-0.100603999384841,-0.30992644842341,0.324831653764854,-0.44886802685568,-0.428174872709843,-0.91983904879848,0.0425297795894299,-0.0390055870697968,-0.313248531027444
0.9661826136265584,2.27004752166418,-1.69279877519445,-2.03203652221488,-2.59105424500322,0.941388356346954,3.613765038989,-1.8925045640868,0.89311573071841,-1.20083844118601,1.5699907766878,-0.24219983439759,-0.703548407598748,0.382788899049006,-0.365514118748351,0.337029285350808,-0.519352935004364,0.352296707707814,-0.125957295180656,-0.3447352079931,-0.360523044696174,-0.146739536922495,0.0047702989122473,0.301086863139871,0.68381041509399,-0.24250220654247,-0.155348733664432,0.0470479869408792,-0.0512963596821138,-0.30285350692320534
-1.5572936765304564,-0.66948018314769,0.963671702354378,0.938165682672877,-0.687342034891861,0.202249293818667,-0.511335026124129,1.43103992568231,-0.215340225888461,0.588745373132535,-0.922132203146716,1.66677322907672,-2.55091189894912,0.369071940583858,2.12528647054574,-1.36700356866952,0.633184583103377,-0.22131877450673,0.206041858309824,-0.526232114269005,-0.273067918037866,-0.395666867162968,-1.12309719437008,0.0731399107903487,-0.103078016372541,-0.407782608346186,-0.157916375110317,-0.0956331483158617,0.0796686077097299,0.08636018405665467
-1.0152416618024411,-0.257349814514764,0.955209665338546,1.22314565374,0.398007414389273,0.452466801617171,0.140241297663751,0.421980874036183,0.165878193190626,-0.92126329713697,-0.317393605302381,1.48515457156627,0.636031767645273,0.360749662786806,-0.132614650321643,0.936181894128488,-0.0210996658083665,0.253991054744193,0.13602934344664,0.968595446789629,0.104078050384807,-0.101550506683783,-0.275352149327378,0.0138270002611243,-0.334943843077072,-0.749384016817347,0.180750575386018,0.149315461185606,0.152810559080517,-0.3460728186796746
1.1588836736776857,-1.75443104607399,0.838363897702711,0.782232582300482,-0.279525200911568,-1.9068132649472,0.205505498227344,0.950178516489206,0.705673424700718,-0.192414024900395,-1.52198745492137,-1.38810580915892,-0.446781775491033,-0.834645833466145,0.760099923630528,1.11516960147593,0.54660665560984,-0.179812459199538,0.418917880165917,0.360136730291705,-0.256559611132325,-0.0770388594576458,-0.512785641762066,0.128870781166254,-0.171333128308084,0.366142249859577,-0.399725544629798,-0.173705995111902,-0.18530693062048,0.8288447711328726
1.548076220051299,1.74913667303764,-1.5171927968224,-0.647726466242562,-0.630229033582953,-1.23505629595478,-0.550638327652055,-0.659361796660925,-0.222685744991312,-0.13893332285135,0.596713777008264,-0.274411896902365,0.357572599197197,1.61740942601841,-0.712767094186241,0.0594259274080123,1.0302205142553,0.170587545242256,-1.36673287596638,0.242259587796213,0.496820297830927,0.482426941144266,1.04083778041882,0.0175793258153501,1.23245475284838,-0.208222619961254,-0.173370973997094,-0.0237630423600451,0.0019239127419448,0.5223514835055888
-1.0619270787113417,-1.9075859223592,0.0394647878867344,0.338373211673749,1.23224781961226,0.0677127779511945,0.854965195235799,0.0536687442144895,0.64696160725438,0.261140508361107,0.122098287525538,-2.0139382244041,-0.674085942108646,-0.508208220244985,0.226586494991068,1.1855087987178,-0.0956715884960729,-0.0016358063343385,0.313937609309785,0.922303512823655,0.117621858915267,-0.029107501229271,0.15090098864836,-0.119398815871419,-1.32721108046787,-0.11055623434063,-0.152344738786843,0.343708213702659,0.297945110491868,0.2575182540191385
-0.3486741440602944,-1.46932639864669,-0.45874413060541,1.64412801750811,-2.29450254738127,-1.91673248024346,-0.35749272691177,-1.69480345852134,0.903454730158306,-2.14112343506622,0.300582191159286,-1.35098939329491,-0.607044689028951,1.61752067264408,-0.530708169745049,0.500533907892835,0.759455063813704,0.0785532659451279,0.909394434834598,-1.03946343415965,-0.465153647271389,0.179952078220859,0.535748635691148,-0.352811327356266,-0.0914604064279667,0.38704298881758,-0.105060472313344,-0.270310154746934,-0.264254392440018,-0.18331072972446044
0.549783229794082,2.04197043992881,-1.79983200776363,-1.19561439299283,-1.72468322082653,-0.955801190021699,0.202776756047915,-1.0943296355526,-0.0536980976965376,-1.47921652942077,1.63525717264057,0.256567241381616,0.174581338617104,1.44297699043989,-0.51027807060316,-0.823235008298182,-0.120630597026269,-0.0836825661903542,0.599160666990181,0.305286924144698,-0.050391892023079,-0.0636277355137769,0.0241335444309681,0.0717389962299465,0.102212646417383,-0.196068362242853,-0.209339314794583,-0.0071700319791276,-0.0309934996051533,0.2364883206390249
-0.5229916366953323,-0.375667700105001,1.01396639746715,1.16466403197404,-0.120316998620214,0.208458917381728,-0.489288597744638,0.565837826845155,0.123893875486684,-0.555955500782616,-0.328184991089029,1.10809842825225,0.234655863441922,-0.410895426953066,-0.151499348583292,0.273183990838529,0.698238006122167,-0.332678134677925,0.526682723486786,0.324968726731277,0.112310394375969,-0.236800787148309,-0.679331447449222,-0.0534422411025987,-0.0621304367323286,-0.162333339623636,0.0763763395050376,0.23676568885964,0.0841790940085789,-0.3310400145904679
-1.269853017619093,-0.706804806792817,-0.620541920539424,-0.157520100584347,0.0560437619110482,0.0859975754483895,-0.700475896937575,1.46617084054223,-0.222543242431813,-0.862647437079147,-0.198575657078786,0.901572616369642,0.265887937995965,-0.248741236858836,0.751059727250285,0.123952954618375,-0.102776503666584,-0.346465306887298,0.353563955277247,1.18660801400902,0.786614753455023,0.391212814521241,0.474210926598152,0.793428972070593,0.0361049853481794,-0.98306270101492,0.926475676565486,0.0165108974702504,0.237029746574183,0.8421983790206252
-1.5204212520796287,1.18497248527395,-0.398960320926273,0.989636727692941,-0.551806160209525,-1.05804713544147,-0.330307127104432,-0.80360219346488,0.0846868584175142,3.26843681211169,-1.46717299947754,0.542504015124632,-2.26698065267451,0.477326133296562,1.53630438966282,0.909054659528731,-0.711061791894148,0.929264379995087,0.149729355046814,-0.0016733527921269,-0.249386653949553,-0.141323977509843,0.0463782577769399,0.009318321406708,0.0073903159804999,0.362904878371805,-0.692944237578771,0.0741348309044141,0.0249910540918897,-0.3058520715686588
0.35619773694630436,-0.962597443331239,1.03413960039539,0.766821155986989,-0.729608328832431,1.60347987585857,-0.332860036356214,1.77357174935095,-0.223282348177102,-0.626547842381632,-0.557915482188631,0.282917040322589,-0.402790696090605,-2.20867419849288,0.609394955281676,-1.91279662330114,-0.134214503269639,-0.855587080906761,0.0421465191570514,-1.07391449366848,-0.321765168199066,0.0335905490497502,0.112550184446976,-0.670047723246658,0.656461330109581,1.30375485984881,-0.636396855980145,-0.332804381146578,-0.203696351899071,-0.2972961671136316
1.4397963762328205,-8.4206931424585,5.42659776181395,-1.78223844219086,-2.80795603362927,-3.72848373032128,4.40901724981477,-8.2800306326257,-10.7374282568076,1.56856566574435,0.930522403396761,-2.10164694515914,2.02542517123661,0.0713458095073587,0.222985617673917,-3.45228168513944,2.10258484295925,1.95324405353838,0.240442062283652,0.585348067551096,-2.81795878488815,14.1480585321504,-3.85482800860648,1.81533721455066,-0.562056491285127,1.50002489050113,0.207570683181187,0.335268360498658,0.113235891210893,-0.32444317237047027
-1.661340877679251,-0.30507115450174,-0.489601105842602,0.185017208492922,-3.37326718056552,1.6240219665517,3.31193426186,-0.691843137682667,0.740796193088536,-1.27545144188759,0.408869699405587,0.441636554990903,-3.86258712683636,1.96562495819165,1.13367890984329,-0.637591159368938,0.0534776302327118,0.487506772635362,0.786270474753763,-0.62365512112602,-0.195907936966103,-0.308155937725672,-0.535798691065842,-0.0869579721173462,0.903009259678513,0.113823093524232,-0.393730963638174,0.0678102991386144,0.101645720429709,-0.1973040314032433
-1.232727898083508,-1.05862011718225,1.16864258890207,0.948747660494086,0.0343414413288637,0.095181398420339,-1.14678099670247,0.569882479019646,0.25126079060741,-0.536684397398952,-0.761192731162397,-0.891603912718983,-0.133199582533494,-0.488297062356001,0.619831735365572,0.168116369014591,0.385653501736805,-0.558554982016306,0.0133102610930317,-1.06857278860847,-0.329645237162212,0.201286592138891,0.316889973815168,-0.192793964478432,0.374935500839723,0.0077523054184117,-0.56959823057037,-0.141811064806986,0.0641609790644817,-0.33727702905301116
1.2712698126234694,2.0186430984988,-1.16039123974248,-0.333425763871012,-0.250703200210315,-1.47730289913783,-0.670543706644739,-1.03230044563864,-0.0676259770043926,0.282589117175399,0.845521304034773,-1.30911071055954,-0.530540670086974,-0.535455493706807,-0.131563050598175,0.515194792717576,-1.08118014193094,-0.213518386277617,1.54240546191721,-1.09899885456533,-0.556495728304484,-0.10051650757252,0.229011208914305,0.17543442168518,0.0525390919983781,-0.404802197084414,0.753492519813926,-0.0224303714061616,-0.0393944539985818,-0.12194010664751283
-1.38927250309062,-1.09114358499787,0.0220614993355811,0.0609279025257664,-1.15035546395241,0.461584287192827,0.594168030857301,-0.293088489320909,0.565388816490657,-1.92184088538055,0.626967548970569,0.176077646489225,-0.0819525061954759,1.16613162354494,0.246277861594944,0.572308631556907,1.09381985709227,0.188961641410945,-1.06428752680134,2.44800408882276,0.442016042548698,-0.167275933920762,-0.756498819685183,-0.0480543384669964,-1.71357056825315,-0.394201456981751,-0.452330319097049,0.163049840590191,0.0736577384178355,-0.10214957998751996
0.6570312353498018,-0.401101328780512,1.26355443297311,-0.419243075434663,0.654285336474434,1.51769993272917,-0.255223700742533,1.56260855328955,-0.462741858199088,-0.123056977028988,0.649109815783419,-1.95020102152953,-0.693251519006125,-0.412572562095823,0.171245631732906,-0.142795724571869,-1.00056052351797,-0.291998044889489,-0.0395876281070018,1.13798275988391,0.20445157001284,-0.0416296490989237,0.454591436385408,-0.405095702799091,-1.05569177310217,0.181432036715725,-0.342111319371445,0.262848222357451,0.0761506211813665,-0.2786650854498807
1.4642656836068135,-0.79123987845557,-0.854607437513345,0.33812826666893,-2.03913663586121,-0.466628365576735,0.980996597695683,-1.03031200622666,-2.52464558798416,-0.765147004901358,-1.02285156255995,-2.18428231518623,-1.18607365797357,-1.02264994611278,0.0501862220966827,-0.723913089686336,1.79961272710742,-0.0866917517284397,-1.3168819979186,0.303712047915563,1.25040420737998,-1.48207395376561,-1.09044907343122,-0.473328175590468,-0.375542274773267,1.38105287252249,-0.43380222407848,-0.0950463534748932,0.200991519348302,0.8524334796771064
1.1198843989301512,-0.590057877120155,0.939759150579359,-0.819150247333642,-0.117665412976842,1.24932429725494,-0.896176596603134,1.36696581173058,-0.453551542123595,-0.196242137668872,-0.601512845472324,-1.28390899948577,-0.55241651375289,-0.0639242110217519,-1.03952998010759,-0.05421042361557,0.119437764508336,0.451550229848325,0.204138781866856,0.578661470066401,-0.344161373892611,-0.169070110587707,-0.207834929175341,0.134108919543469,-0.79540214160604,-0.637353627181585,0.151088865579648,-0.107856168482738,0.171626817973649,-0.19010747625415497
-1.086628023246362,-5.14513239502361,-3.62010480050427,0.0174479401721177,0.690947833272775,0.325496048279053,0.153352101572098,0.812646773392341,0.113219966739027,0.524499502292095,-0.218443878555657,1.28148808080359,0.618365986688575,-0.477050718027262,-0.0485945847809175,0.0865196526676887,0.560112188837863,-0.299639945971166,-0.627269496337322,-0.396535384157142,-3.73173926573368,-0.93594333848031,1.27717033691271,3.21096877651752,-0.169593730213936,0.0358668137948999,0.481286621758483,1.3139358313667,-0.927808609030538,0.9217602942799904
0.7286281760310206,0.618605668590707,0.786400906110936,-2.67295758351771,0.0206813407498539,3.07594132637431,3.62984238913227,0.0621007745456145,-1.02482501552772,-0.704039371585643,0.327814084575495,-0.0683616647304019,0.094519050912774,-0.359168115997086,1.21712717536659,0.790404015753219,-0.791403744623174,-0.176305530775356,-0.368910888314124,0.126897511273439,-0.388291996396709,1.72721715206719,0.0530159835716137,-0.0905471922298752,0.707945894456843,0.247061439868635,-0.389554049159309,0.397034247978156,0.341351592586382,-0.1145436471887276
-0.8477469364558488,-0.524156769696881,-1.9617766152845,-0.493527980174379,-2.42518427402012,1.32753682795525,3.4783515611567,-0.199755943740162,0.54868201323576,-2.46960679133394,1.34655503381433,-0.321823119656154,-1.45664535429959,0.531708889706229,-0.362546342071282,0.869145106811884,-0.48915495932202,0.110203938399909,0.763495846447281,0.843929072191781,0.725172381472373,0.0404642374798397,-0.0845837347151442,0.730662614225008,0.949666909694757,-0.546634705214298,-0.281606667315829,-0.0511573273854577,-0.0042054928205828,0.768113841846955
-1.2838144210519304,1.23932322954155,0.545895687360006,0.16951270968138,2.09856633686358,0.667947627981067,0.735438843871739,0.0332696993592467,0.113785531281086,-0.678473166521824,0.622074704954429,-1.47472198015471,-0.301864808693992,0.498153466262115,0.186275168547338,0.888757788158131,0.879615787314333,-0.891615832169297,-0.49245490187404,-0.754770000029743,-0.123312860553881,-0.31046126934451,-0.920736283936291,-0.0017283556171701,-1.38106894852337,0.369423142162159,-0.149970280307654,0.0093345831576354,0.0116364766525572,-0.3381166271537381
-1.2055631764721044,1.25889612281018,0.40594611292928,0.318831147692342,0.684957418023868,-0.308207719310185,-1.05451174510681,0.131135508440378,-0.241509636625413,-0.0689539014015886,-0.302014520668731,0.0438763072328508,0.591165620402884,0.899819083074767,-0.421989511639227,1.02037367352652,0.44839819117597,-0.0457115184381467,-0.380209521961308,-0.200645314854751,-0.0392795254376032,-0.280761430230699,-0.775306848910064,0.121399995507943,0.358197780279088,0.239916259736785,0.0925867622361145,-0.0185102392882638,0.0320581428101625,-0.34967109625421877
1.6211261574698719,-0.0912810815335691,0.885783790420047,0.185437059038254,-0.627286153225143,0.462340260150916,-1.03879420136837,1.01050414086888,-0.23515882048184,0.0404946404654331,-0.301392323424781,-1.05711437053355,0.0652912676172717,-0.0003005043556447,0.0747648898164708,-0.378138461330254,-0.0580121872736032,-0.46819516004551,-0.701457821526872,-0.0225864752489161,-0.0562955970007661,-0.255640094051343,-0.599371501798464,0.0909996346244858,-0.119623929200412,-0.474514977412084,0.136012367495543,0.116291872767688,0.0895649664245558,-0.3245231340943491
-0.8652671289990176,1.06979868464438,-0.639908877879415,0.838740562404083,0.206727941567234,-1.02652768564622,-0.0694605774147057,-0.52210063147009,0.0452297353275613,1.18806946406359,-0.50171858426083,-1.19136975447692,0.56023165109261,0.348685823753125,-0.618284258178856,-0.285484709302599,0.0237515383985733,-0.0486486229165906,-0.4920389537039,0.622044501682775,0.141596942216681,-0.207988526116318,-0.529405718515587,-0.0655905864809909,-0.0284504873176916,0.178062658615773,0.962998653378798,-0.0498014672255725,0.025749433413786,0.046579226426972
0.973279133923491,0.109688374906527,0.886144304081108,-0.405308951396879,-0.695316513037711,1.01771876470181,-0.295084670798344,0.898344068991955,-0.0306563422417169,-0.23715023885108,-0.113601771107022,0.380277981550604,0.381954808970022,-0.168925154331806,0.617515774924194,-0.154506236416155,-0.102178693289422,-0.875902954216086,0.834748288347996,0.483424197336315,0.0151115496078008,0.387106570535052,1.31431713004682,-0.160656204932742,0.385183595594579,-0.758225929500693,-0.24982962655303,0.500868801645401,0.314683934335308,-0.34967109625421877
0.6027439079744541,2.36236605943904,-1.41080152723314,-1.38252639202959,-1.73137165419254,-0.851565959070159,-0.282715931409513,-1.12964051503698,-0.107216887405619,-1.02599327358501,1.60891439560277,-1.8787204904245,-1.66708497378807,-0.579689118306221,-0.223026445766655,-0.0013155258806093,-0.33417601799312,0.294479427028546,0.261820328065086,0.168703077822897,-0.465101466316871,-0.236762427715819,-0.240477643587667,0.186511612499863,-0.016899759936558,-0.0874245815389818,-0.146845984979015,-0.0043834358829275,-0.0542813388937421,-0.2932581000577542
-1.1136453393916574,1.21351722135062,0.192851460932982,0.245569241859662,0.658460737487405,-0.326679297765371,-0.641267836974858,-0.100495099798805,0.0257600807544259,0.270796210530002,-0.279492865043768,-0.117469621526377,-0.529645014834524,-1.39173678534019,0.0586085894940408,1.52108182407107,0.26095132734448,0.364331854153492,-0.552218546302328,-0.545696863209852,-0.216496441357218,-0.278840262881566,-0.84597791495058,0.178735798452291,-0.0098640459021511,0.0895163521146148,0.129558479916269,-0.0168840224785639,0.0238403403801693,-0.349271287634825
0.0548799062970222,1.96260031002702,-0.461800038194543,0.26512981135408,0.584665739752641,-1.08666861209044,-0.485381927374804,-0.999959793375836,-0.0338407512261806,2.74035726694112,-0.377212144715965,-0.0013714431335652,-2.40787625347015,1.36148511046028,1.2052528955604,0.0804174754124671,0.65224202535368,0.129474000431539,0.352708383959956,-0.517298790530712,-0.238140771391933,-0.117505306685234,0.029740491166425,0.332813013527781,-7.24011226694117e-05,-0.641426305278163,0.441130714634133,-0.0431707970429819,-0.0438921501269919,-0.28945991817351313
0.49212663462197115,2.12934287614324,-1.13544293147381,-2.77414178601858,-1.97783430700214,1.82887186979858,3.14167055276884,-0.953834915424238,0.690369064127413,-0.654995329563523,0.873473455366919,0.138087981844835,-0.600353582382467,0.068909405181901,0.203748728796218,0.783763648132124,0.850480545581262,0.0450127666018956,-1.37537036824797,0.26213669062083,0.129875833415572,0.470013936001556,1.17041507922958,-0.0101955157868658,0.766342274715156,0.212098522881607,0.0918136794634233,-0.0240739219797545,-0.0638625975239227,-0.1337344609196298
0.4819345995367624,-9.34392175614622,5.06611381724005,-4.18694105242427,-2.37138724267676,-1.82509951993003,3.28413474482136,-8.57546834019302,-22.0031539533845,0.182337113237867,-2.34119859587274,-2.4272687096347,1.82629794853784,-1.95250704667132,3.16246182541312,-0.7960781507408,1.7523865738345,1.06615819796191,-0.168537583251555,-1.41072310056576,-1.51871671989989,6.69753190816301,-3.49236294898342,2.84497149705766,-0.986024576926433,0.129547423784889,0.460614093779633,0.260846526097593,-0.0347674239617221,-0.3492313067728856
-0.40967894910543873,-1.38371223472461,1.6564681993337,0.748260319532505,-0.114786810032493,-0.668017915269877,-0.691691578613589,-0.0994645587411528,0.927664611215711,-0.83795362518489,-0.290901860886181,1.07012069702765,1.10637582171055,0.32956233427394,0.849653418614685,0.0594023593828688,0.610009333491848,-0.331684773837003,0.171656823305529,0.262469506834118,0.0298274789979718,-0.120847080821657,-0.508667164877883,0.0715205930472858,0.313304990794878,-0.118410510952972,0.0624553121065472,0.128619424715297,0.0339319488894421,-0.3132885118893834
-0.804009628869116,-6.14468840581873,-5.57966185000902,1.32595822072007,1.7014358470717,6.83711487817982,-3.46392104905887,-4.50148984069631,-1.6013566485085,0.608294147366971,1.01428544688823,1.70985200054405,1.32597408681483,-0.126888014310761,0.308784889382586,0.610742365063036,0.190541796084024,-0.472151050959817,-0.754107471433321,-1.19311402186908,-3.07522685432813,0.887329615762414,-0.051506409810518,-2.21217117710119,0.0256060178944088,-0.31550429394272,-0.340623004715318,1.71333994560571,-0.739887215027086,0.01847268048358817
0.7089179594199556,1.9398543099509,0.12790675583925,-1.80832215765005,0.574066672864031,0.260892486944694,-1.45381441461503,0.451809860342574,-0.484024949723917,0.385145214062105,-0.581790767135153,-0.148784114474344,0.724251967529006,1.32482050938458,-1.08299940663297,0.776781188337437,0.200452750973948,0.381107243978911,0.416991404147472,-0.453824753911669,0.0111237756473222,0.23919925556914,0.788942943158,-0.101054600476494,-0.0576842749893865,0.282772952430041,-0.110721560672677,-0.0045393567944418,-0.0156557135667052,-0.08707679503637387
0.343310287623685,-0.172020884545751,0.992953662043407,0.360121616346937,-0.428343219006045,1.30446994346515,0.0997526830110368,0.792260015592575,-0.12688533080854,0.692817959529166,-0.90342099341579,1.33794449521184,-1.83427525799927,2.32295795143289,1.915261768183,-0.461986233486759,-0.325337452840157,-0.0696211247473468,1.27185736939161,0.919698792954305,0.0216520113320884,0.220173046077391,0.962829469529128,-0.47357930081282,0.0852951196994452,0.25443205449726,-0.361124165920754,0.137098372447681,0.138091976508998,-0.3492313067728856
-0.36674184262043724,1.38312606429647,-1.51816494775758,0.567599950329756,-1.4407755908904,-1.254512927926,0.954009015663823,-1.53194785936939,0.189080917511072,-1.07201726842369,1.15591516106866,-1.778613031814,-0.590454703882976,1.49569238439159,-1.16637928091363,0.0394985807573074,-0.39755815341674,0.452791617897358,-0.0296776239259861,0.0617861008168824,-0.139302744476509,-0.258163587719559,-0.236630993601088,-0.143698400339928,-1.30175887167773,0.36594104128087,-0.0887154205441064,0.0868180512441078,0.0281026183203804,-0.04137866983966302
-1.0238543526079171,-1.2539371089157,0.755521204428105,0.0150705648850556,-1.54223243484757,-0.995129813490439,-1.0283173600056,-0.411348857339963,0.872011593301733,-1.32270498441146,0.342305586215099,0.217476140362122,0.188582805826528,-0.992039052556381,0.842131446040472,-1.40902984038549,-1.19475913525705,0.168112877467769,1.37899039785071,-0.791881304642447,-0.580090264034272,-0.256888147448571,-0.341738884698713,0.0629891502277505,0.330557812514355,-0.584641717161185,0.830921198270472,0.206846573432823,0.116944661073304,-0.32524278960925784
-1.0537144884567313,-0.716267325996686,-0.5763050434248,2.66168904267628,-2.31268418808353,-1.3386254780421,-0.207069608783024,0.307734628916835,-0.244247940909995,-0.353758477433614,0.341114814389233,0.897058689126041,-0.53717176322413,-1.10984650679413,-0.606273222431746,-0.277053548526217,-0.0138582274151359,-1.3349052725277,2.13068531406293,-2.52189852544074,-0.572664949363552,-0.114048704712519,0.316895264705465,-0.0680503458780453,0.521411522128202,-0.702966674926797,0.662398523524235,-0.332466876957581,-0.363845371227724,0.15012965884996507
1.0520778845202912,-0.729425219674432,0.909770012059346,-0.0132912731525836,-0.268415235288531,0.532921478807722,-0.274787177853213,0.576517334302884,0.341138058084192,-0.0437064437291444,-0.883070843052112,-1.30643987826167,0.854993729378282,1.06888423519501,0.0730759502478287,-0.685684130853229,-0.83012661936236,0.0918187140913516,-0.243124744293108,0.485383991710906,0.118036857915648,0.232072869461335,0.854544170810985,-0.171474234700976,0.679110774530558,0.0259768937023894,-0.15305664761374,0.308869215914733,0.158011081113381,-0.2213725102907498
-0.375101838341156,-0.786474008321419,1.22162326997809,1.0873466146253,1.21596379898587,-0.147803782775295,0.33809576025069,0.141117855055814,0.711617201741485,-0.640715588236908,-0.147076697209496,0.829428181923531,0.701497154224027,-0.742889848391956,0.640542360551545,-0.460732621576748,-0.874064387111666,0.578594867461266,-0.0756094301404188,1.01233185140524,0.0030342732555593,0.0531371752806603,0.326080800565888,-0.0961879563377961,0.0257042632781457,-0.113827834077656,-0.236662571577933,0.2959116022113,0.13095380966658,-0.29901534417702486
1.153829771982541,-0.479344235182025,-0.919853702987158,-1.18340095435529,0.148850966599199,2.38300708823799,-1.06547065023771,-0.336883067256973,0.208651301028408,0.382369846595546,-0.463514617175072,-0.033829549107855,-0.384374575878753,-1.84042634599676,-0.631156054094693,-1.32073601493481,0.0018291105290288,0.612481190923228,1.0633040422337,0.572407306141145,0.14949048825419,0.433148473124427,1.03118608536172,0.366600714402689,0.156791939746541,-1.72358179741435,0.428788526795629,0.27514148254119,0.389669597366906,-0.3072514017365371
0.7043483899705955,2.30691014123671,-1.23909737176669,-1.92538903404678,-1.72691391475376,-0.378703617141309,-0.476919770007901,-0.561609796275256,-0.251104228049755,-1.84319663911312,1.76624654222396,0.291003601127542,-0.226140730142168,0.264532647272089,0.0288295191728825,-1.51250499240919,-0.883843727698561,0.409623718058352,0.118898288849137,0.565884762924048,-0.381838974535595,-0.147933438401071,0.0446936222733855,0.0657082955787677,0.359119491026919,0.222387835699175,-0.0736940185950546,-0.041211227219583,-0.0731486863064362,-0.22768948647717177
1.1260333126592441,-1.24338343134675,0.986601685905852,1.09244962578794,-0.612108255520675,-0.308810087384218,-0.379296821878761,0.0113734822649597,0.229268767506336,0.258170729706873,-0.626341612172131,-1.20683664527734,0.811703026215636,1.54906850472171,-0.472285740562368,-0.207067716892178,0.329401722010891,-0.55095852696535,0.0395185052383786,-0.267522582460703,-0.250587989314893,0.337255978642695,0.938801150047932,-0.0989687897331487,-0.0141023854744877,-0.320597570044057,0.492736207087841,-0.528070263510632,0.127597524411502,-0.3302403973516803
1.559257977551807,-1.88239062852292,-0.977395389752706,0.539300215070903,-0.937526469148716,0.175569081814086,-0.431701152962179,0.0783315513529396,0.0959753714976198,-0.864104103363848,0.27967392300384,-1.64744678383451,-0.870026329674455,-0.440187722351908,-0.0094384031353879,0.0606991766721027,-1.20354353531628,-0.24886785751092,1.4115267397915,-0.773086337777038,-0.804201503738153,-0.404729321904814,-0.458270067130527,0.245902675291952,0.555880664832601,-0.0360443133341731,0.235350628363829,-0.320637708626193,-0.180489252879895,0.018592623069406313
0.5149534239450421,-1.83015174060524,1.936429975208,-2.63617052200553,-2.66808036445951,0.659415260189526,-1.86427795358197,1.00283594425223,-2.38107854985347,0.461018317923937,3.34647404866581,-0.94541194266024,-0.681395993326183,0.010298655422414,-0.476246589940518,-1.48031455335198,0.0494111531732088,-0.0130480955777924,-1.7907081840687,-0.337096540139255,0.628179545256159,1.85742009712378,1.4735120823462,0.154500531611301,-0.0698409967745702,-0.521682296103216,-0.102132878664023,1.21189623739487,0.842560116816538,-0.33323896199713376
1.1936713636792662,-0.244581118056058,-0.69515797663172,0.441182804159294,0.348484642165513,-1.27690394445699,1.20532506213287,-1.34520150689438,-2.67654577781064,-1.19034171585012,-0.110312008994256,-1.20101314436487,-0.425613913940495,0.226767726074577,-0.111452461980793,0.21546766002636,-0.382148815873401,1.73744991186046,-1.03108381632606,3.35223777891312,1.68513134167221,-0.902804097721076,1.10587416181957,-0.517413760698177,0.697127959876966,1.56708049435857,0.690328723724477,0.0064058730932759,0.218366063540453,0.7743108754475587
1.6066172480200602,-0.0894372412007384,1.25724968621431,-0.922252693853449,-1.04868429727183,1.86606239405319,-1.24723808094151,1.73146374709167,-0.439837878911984,-0.969015478467634,-1.22412835240379,-0.614220080469067,0.107515630488767,1.02999590054269,-0.890592656506716,-0.403268575541065,0.320502404826723,0.106176943587439,-0.109241419394496,-0.81342314276982,-0.0606727670456083,0.0533440898681215,0.152987048434541,-0.374080891003995,0.4557084197743,0.488450831218061,0.489297253179326,-0.0733262919048096,0.0255108924743927,-0.33427846440755765
0.9329532099809811,2.12614417535366,0.138844194437523,-2.12513483156125,0.0370079521885247,0.52327941132015,-1.73942526873868,0.856048416322491,-0.641247380918936,0.148268290681125,0.0057859057595758,-0.681793257143677,0.436419009893165,0.349179929925368,0.724312654154343,0.336150323457032,-0.622313332937127,-0.328006880915905,-0.552662445094462,0.153913578868906,-0.19554134030448,0.148651308452016,0.581841852527703,-0.0729166384603919,-0.0388382002222934,0.469543509931359,0.245143003545746,-0.0850444851535441,-0.0778374912330715,-0.3034932007142354
-1.0384264358289181,-1.57531140871762,0.252981629148952,2.0299688116318,-1.07921107686572,-0.854265558637851,1.02272056751711,-0.135706579984824,0.971905583730981,0.334331185009884,-1.33588460613577,0.790814711359462,0.594775293857244,-1.42917566974941,0.0521343411792978,-1.0276062431641,-0.108366980439574,0.406948586176164,-0.775846509766438,-0.576015779356976,-0.350379111276186,-0.0492361062350904,-0.131027719328409,0.0822091410997932,-0.247123089290078,0.0041021324592032,0.880837720950074,-0.203484397396274,-0.0686667207232542,0.034505006121279394
-0.6481388774213568,-3.70895022093807,4.16033878357415,-2.29682996712728,0.130121035414225,-0.992438872785587,-1.00521546721795,-0.326488458528518,1.34692541522141,1.23450734026598,3.7097823773976,0.669954340122684,1.00980857850932,-0.125061237092233,0.757924692034438,0.0842370280598687,-0.168590087072744,-0.110454433632882,0.421611146371941,0.386683982200901,1.4315523473049,-0.0856271156743716,0.322712381593688,0.291878370354739,-0.0511832097578304,0.0360125292581944,-0.346128871706267,1.41489435393766,0.814461682864162,-0.3460728186796746
-0.5491034621202474,-1.09333358885905,2.07716452792443,1.47986646298653,2.70917913664262,-0.0681711582685357,-0.274633535565898,0.454070504516359,0.36129474162204,-1.7897803552018,0.847261074616072,-0.429636481710552,0.179305737765493,1.1273177230824,0.392543002942516,1.10544518377866,-0.0925620447107282,0.176483641113073,-0.18467493084278,0.859206878987213,0.376725605807344,-0.100274151399631,-0.22435437437543,-0.166923522301475,0.397549429213151,0.317241180145234,0.188092568166213,0.300447632791154,0.14529983786671,-0.3367572778477992
-0.7740863192491124,1.20911714475935,-0.925876885833301,1.30927275551903,-0.103091889284552,-1.74211771081432,0.0445670761468086,-1.38897561323699,0.29209790869666,-0.0218208539822875,0.692138272685289,-0.732351209229585,-1.03960571208963,-1.30458366126973,0.0261026938779806,1.91429828436735,-0.853785940023339,-0.0404514366822083,1.52774202739086,-1.70102845144315,-0.564310120043923,-0.1193460220137,0.0607406836798578,0.0798968059198865,0.0470369867854781,-0.0693087727032118,0.611052154785035,0.0384233197776763,0.0333004743098625,-0.20973807946639034
0.7503388953964136,1.97875783929284,-0.534871670232241,-1.12091516919429,0.477710107380092,-0.145284935228473,-0.139143117776414,-0.203432563825308,0.0161509797336646,1.71497504052089,-0.325470033853967,-1.86362571936541,-0.0286957601310479,-1.57942394905883,-0.0152268650780611,-1.30352217416231,-0.827260236170423,0.248546719549078,-0.683345984820874,0.858303787246813,-0.267004688604753,-0.381137662119007,-0.840393979034448,0.237382146742759,0.440630936939941,-0.0251919144548597,-0.357935415913364,-0.0152607366044702,-0.0468328381416267,-0.21749436668262995
-0.35518104249279336,-1.42457694583001,0.926507147337468,2.10346362990634,-1.85834171977244,-0.877511425009626,-0.0024058806673105,-0.998577536380027,-2.31738139022203,1.09985852226557,-2.18788590228572,-0.354563537057508,0.438060522803469,-1.26849399633819,0.275470248328769,0.915711823886325,-0.479446954734724,0.209663348834534,-0.146941270328254,-0.631568026861904,0.559514229130375,-1.22548566476388,0.744214984773213,-0.0574202380366793,0.368731238443824,0.359821082894136,-0.761825591724772,0.329089317536197,0.172945711608891,-0.3492313067728856
1.3223773935156218,1.98225817475643,-0.949173109055353,-0.312096572875135,-0.232148281262109,-1.25222189700938,-0.71353621598498,-0.75542141386004,-0.138049304396516,0.31263521456442,0.509822127385345,-0.99141987617809,0.403679854287909,0.571415261262866,-0.186124116978617,0.559824107105723,-1.43986201802564,-0.288539332099849,1.21834824692129,-0.811584861787273,-0.516632494801648,-0.491510032152504,-0.895837767347161,0.383859556181197,-0.0459470611047319,-0.477706009794972,-0.947895628361992,0.0765873876968693,-0.0114430621337029,-0.09535283345782543
1.5412323948391238,-1.20399637892871,0.270168262366201,-1.53102600182616,-0.580991001895362,1.77542895523533,-1.26658419332514,1.05664194789504,0.0172096248007962,-0.438057560771195,-0.385586909025802,-2.08253289485573,-0.107430877704424,0.295141346580217,0.642705918294941,-0.749935886373833,-0.306798706707546,-0.428035801126563,-0.329848726392127,0.328176413861042,-0.266912946211379,0.145577197070179,0.792991955374784,0.509056663967698,-0.990016228090233,-0.119587301000382,0.64398633657831,0.245953302797221,0.103669474037385,-0.28306298026321247
0.7921599319237373,1.91802505543876,-0.422592098184477,-1.39221397810002,-0.154206673466328,0.336770026688873,-0.0532510877513972,0.0321538766934793,-0.101665341232452,0.246590854069552,0.189068394473419,0.098733293331657,0.993183012323004,1.05171086472683,0.318317165320962,0.175957429490087,1.00043854361182,-1.36030532967275,0.0556619031397154,0.788674954869171,0.0992659871153129,-0.430348793544782,-1.4612581896766,0.278633061540535,-1.41140927852192,-0.578936636788799,0.0732037993179669,-0.0862787260542889,-0.05380583460396,0.045059953673275595
-1.2278424597782012,1.20175808611866,0.281295285265992,0.162781684817821,1.06005772351206,0.0857067961989668,-0.325754442463837,0.210159120315176,-0.199657864927259,-0.125707962764045,-0.0070270403709135,-0.913328302389477,0.592462221527223,1.44662868742699,0.0252140978290552,0.932486346929547,0.434842716759403,-0.874807400077729,-0.0488308209100765,-0.132410357133436,0.0550633262765521,-0.088478277340002,-0.270541045705999,-0.155730802132757,-0.443677069230802,0.63947817869174,-0.40492269054343,0.0218771387836368,0.0286703008356011,-0.16232077720628618
1.2310491782996082,-0.816726945485757,0.594614387965833,-1.96280182004805,0.928669689171039,-1.16568083623394,0.712385777915537,3.79147955152478,-0.520171815321365,-1.25100660751971,0.0642035651797424,0.633325519203774,0.57991306636892,0.563453357709187,0.887776001073431,-0.344559995396083,-0.39473493746033,-0.569964804499604,0.416375042984631,0.786350344470612,0.116911892280703,0.265683718281269,1.17153834719113,0.484235520240752,-0.360964533129169,-0.621692230955386,-0.533383756031209,0.368966348378541,-0.129636492451625,2.093599357723205
-1.2799818789331123,-0.601067911254519,1.20286191885199,1.06467886643646,-0.177331566918765,0.184564744706224,-0.503238721857116,0.565106517374325,0.121004205825996,-0.394939823577864,-0.0237301906415681,1.1667244314582,0.354412571063314,-0.204189599357397,-0.263878774935103,0.266530244070244,0.66871982713888,-0.353669779619682,0.483155993937088,0.294841944521394,0.238434157829148,-0.269236166693665,-0.684317830554672,-0.0583151827806007,-0.0590942911809288,-0.106435978839373,0.080674618469137,0.350559708551966,0.142445234191342,-0.3310400145904679
-0.9299991865443312,1.48127257562778,-1.23537579155475,0.773203236139434,-1.28979462073453,-2.01831579044701,-0.850827141733803,-1.36700519091084,-0.0389868045988015,-1.31564678306735,1.47780351948962,-0.834392322848041,-1.893060577983,-1.26413771525837,-0.127376691660626,1.04410575599146,-0.0609518078972722,0.478641451491794,0.536830694328511,-0.430461910610397,-0.421458554943689,-0.0770056712832838,0.0847061535975709,0.0136033301929182,0.321628471122768,0.275053484154512,-0.0975189725589541,0.0382646893053328,0.0246680351677769,-0.27086881737170165
